Source	Subreddit	Category
https://rationalwiki.org/wiki/Incel	/r/Incels	Incels
https://rationalwiki.org/wiki/Incel	/r/Braincels	Incels
/r/Braincels	r/askanincel	Incels
/r/Braincels	r/BlackPillScience	Incels
/r/Braincels	r/IncelsWithoutHate	Incels
/r/Braincels	r/ForeverAlone	Incels
https://www.reddit.com/r/AgainstHateSubreddits/comments/8eh5hv/list_of_known_incel_subs/	/r/Malecels	Incels
https://www.reddit.com/r/AgainstHateSubreddits/comments/8eh5hv/list_of_known_incel_subs/	/r/MaleForeverAlone	Incels
https://incels.wiki/w/Battle_of_Incelistan	/r/1ncels	Incels
https://incels.wiki/w/Battle_of_Incelistan	/r/IncelsPurgatory	Incels
https://incels.wiki/w/Battle_of_Incelistan	/r/Truecels	Incels
https://incels.wiki/w/Battle_of_Incelistan	/r/IncelBrotherhood	Incels
https://incels.wiki/w/Battle_of_Incelistan	/r/LonelyNonViolentMen	Incels
https://incels.wiki/w/index.php?search=subreddit&title=Special%3ASearch&go=Go	/r/Foreveraloneteens	Incels
https://incels.wiki/w/index.php?search=subreddit&title=Special%3ASearch&go=Go	/r/ForeverAloneLondon	Incels
https://incels.wiki/w/index.php?search=subreddit&title=Special%3ASearch&go=Go	/r/gaycel	Incels
https://incels.wiki/w/index.php?search=subreddit&title=Special%3ASearch&go=Go	/r/incelselfies	Incels
https://incels.wiki/w/index.php?search=subreddit&title=Special%3ASearch&go=Go	/r/gymcels	Incels
https://incels.wiki/w/index.php?search=subreddit&title=Special%3ASearch&go=Go	/r/ForeverUnwanted	Incels
https://incels.wiki/w/index.php?search=subreddit&title=Special%3ASearch&go=Go	/r/IncelDense	Incels
https://incels.wiki/w/index.php?search=subreddit&title=Special%3ASearch&go=Go	/r/SupportCel	Incels
https://incels.wiki/w/index.php?search=subreddit&title=Special%3ASearch&go=Go	/r/ForeverAloneDating	Incels
https://incels.wiki/w/index.php?search=subreddit&title=Special%3ASearch&go=Go	/r/Truefemcels	Incels
/r/MGTOW	r/Gold_Digger	MGTOW
/r/MGTOW	r/MgtowMusic	MGTOW
/r/MGTOW	r/MgtowBooks	MGTOW
/r/MGTOW	r/MGTOW	MGTOW
https://rationalwiki.org/wiki/Manosphere	/r/PussyPass	MRA
https://rationalwiki.org/wiki/Manosphere	/r/MensRights	MRA
/r/MensRights	/r/MensRightsLinks	MRA
/r/MensRights	/r/MensRightsLaw	MRA
/r/MensRights	/r/LadyMRAs	MRA
/r/MensRights	/r/MRRef	MRA
/r/MensRights	/r/MRActivism	MRA
/r/MensRights	/r/masculism/	MRA
/r/MensRights	/r/Intactivists/	MRA
/r/MensRights	/r/Egalitarianism/	MRA
https://snoopsnoo.com/subreddits/lifestyle/relationships/seduction/	/r/seduction	PUA
https://snoopsnoo.com/subreddits/lifestyle/relationships/seduction/	/r/pickup	PUA
https://snoopsnoo.com/subreddits/lifestyle/relationships/seduction/	/r/askseddit	PUA
https://snoopsnoo.com/subreddits/lifestyle/relationships/seduction/	/r/fPUA	PUA
https://snoopsnoo.com/subreddits/lifestyle/relationships/seduction/	/r/pua	PUA
https://blog.paulrosenzweig.com/explore-reddit/r/askseddit	/r/rsd	PUA
https://blog.paulrosenzweig.com/explore-reddit/r/askseddit	/r/puascience/	PUA
https://rationalwiki.org/wiki/Manosphere	/r/PhilosophyOfRape	TRP
/r/PurplePillDebate/	/r/TheRedPill	TRP
/r/TheBluePill	/r/marriedredpill	TRP
/r/TheBluePill	/r/RedPillWives	TRP
/r/TheRedPill	/r/RedPillWomen	TRP
/r/TheRedPill	/r/askTRP	TRP
/r/TheRedPill	/r/RedPillParenting	TRP
/r/TheRedPill	/r/thankTRP	TRP
/r/TheRedPill	/r/becomeaman	TRP
/r/TheRedPill	/r/altTRP	TRP
/r/TheRedPill	/r/GEOTRP	TRP
/r/TheRedPill	/r/TRPOffTopic	TRP
/r/SubredditsAgainstHate	r/The_Donald	Alt-right
/r/SubredditsAgainstHate	r/eugenics	Alt-right
/r/SubredditsAgainstHate	r/DebateAltRight	Alt-right
/r/SubredditsAgainstHate	r/the_europe	Alt-right
/r/SubredditsAgainstHate	r/AntiPOZi	Alt-right
/r/SubredditsAgainstHate	r/liberaldegeneracy	Alt-right
/r/SubredditsAgainstHate	r/multiculturalcancer	Alt-right
/r/SubredditsAgainstHate	r/European_new_right	Alt-right
/r/SubredditsAgainstHate	r/identityirelandforum	Alt-right
/r/SubredditsAgainstHate	r/rightist	Alt-right
/r/SubredditsAgainstHate	r/new_right	Alt-right
/r/SubredditsAgainstHate	r/TempleOperatingSystem	Alt-right
/r/SubredditsAgainstHate	r/GroypNation	Alt-right
/r/SubredditsAgainstHate	r/WeekendGunnit	Alt-right
/r/SubredditsAgainstHate	r/race	Alt-right
/r/SubredditsAgainstHate	r/VisegradGroup	Alt-right
/r/SubredditsAgainstHate	r/Anarchy	Alt-right
/r/SubredditsAgainstHate	r/FascistRA	Alt-right
/r/SubredditsAgainstHate	r/RedIceTV	Alt-right
/r/SubredditsAgainstHate	r/1350IsPrettyNifty	Alt-right
/r/SubredditsAgainstHate	r/DarkEnlightenment	Alt-right
/r/SubredditsAgainstHate	r/RagingHumanist	Alt-right
/r/SubredditsAgainstHate	r/DebateFascism	Alt-right
/r/SubredditsAgainstHate	r/SubForWhitePeopleOnly	Alt-right
/r/SubredditsAgainstHate	r/whitebeauty	Alt-right
/r/SubredditsAgainstHate	r/ThuleanPerspective	Alt-right
/r/SubredditsAgainstHate	r/ThuleSociety	Alt-right
/r/SubredditsAgainstHate	r/200	Alt-right
/r/SubredditsAgainstHate	r/200acres	Alt-right
/r/SubredditsAgainstHate	r/NorthwestFront	Alt-right
/r/SubredditsAgainstHate	r/WhiteNationalism	Alt-right
/r/SubredditsAgainstHate	r/prorainbow	Alt-right
/r/SubredditsAgainstHate	r/Clown__World	Alt-right
/r/SubredditsAgainstHate	r/thehonkpill	Alt-right
/r/SubredditsAgainstHate	r/clownworldwar	Alt-right
/r/SubredditsAgainstHate	r/frenworld	Alt-right
/r/SubredditsAgainstHate	r/Honkler	Alt-right
/r/SubredditsAgainstHate	r/Honkpill	Alt-right
/r/SubredditsAgainstHate	r/CLOWNFRENS	Alt-right
/r/SubredditsAgainstHate	r/truegarfield	Alt-right
/r/SubredditsAgainstHate	r/kekistan	Alt-right
/r/SubredditsAgainstHate	r/GreenVsWhite	Alt-right
/r/SubredditsAgainstHate	r/fragilejewishredditor	Alt-right
/r/SubredditsAgainstHate	r/GoyInformed	Alt-right
/r/SubredditsAgainstHate	r/holocaust	Alt-right
/r/SubredditsAgainstHate	r/kike	Alt-right
/r/SubredditsAgainstHate	r/GentilesUnited	Alt-right
/r/SubredditsAgainstHate	r/conspiracy	Alt-right
/r/SubredditsAgainstHate	r/HoaxHateCrimes	Alt-right
/r/SubredditsAgainstHate	r/ZOG	Alt-right
/r/SubredditsAgainstHate	r/americanjewishpower	Alt-right
/r/SubredditsAgainstHate	r/TheGoyimKnow	Alt-right
/r/SubredditsAgainstHate	r/NewFash	Alt-right
/r/SubredditsAgainstHate	r/greatawakening	Alt-right
/r/SubredditsAgainstHate	r/ProHateSubreddits2	Alt-right
/r/SubredditsAgainstHate	r/GoyimDefenceForce	Alt-right
/r/SubredditsAgainstHate	r/brentontarrantfanclub	Alt-right
/r/SubredditsAgainstHate	r/Altright	Alt-right
/r/SubredditsAgainstHate	r/Alternativeright	Alt-right
/r/Gaming	/r/leagueoflegends	Gaming
/r/Gaming	/r/assassinscreed	Gaming
/r/Gaming	/r/tf2	Gaming
/r/Gaming	/r/swtor	Gaming
/r/Gaming	/r/oblivion	Gaming
/r/Gaming	/r/runescape	Gaming
/r/Gaming	/r/killingfloor	Gaming
/r/Gaming	/r/halo	Gaming
/r/Gaming	/r/totalwar	Gaming
/r/Gaming	/r/bindingofisaac	Gaming
/r/Gaming	/r/fireemblem	Gaming
/r/Gaming	/r/starcitizen	Gaming
/r/Gaming	/r/dontstarve	Gaming
/r/Gaming	/r/hearthstone	Gaming
/r/Gaming	/r/titanfall	Gaming
/r/Gaming	/r/heroesofthestorm	Gaming
/r/Gaming	/r/NoMansSkyTheGame	Gaming